{"licenses": [{"name": "", "id": 0, "url": ""}], "info": {"contributor": "", "date_created": "", "description": "", "url": "", "version": "", "year": ""}, "categories": [{"id": 1, "name": "cereal box", "supercategory": ""}, {"id": 2, "name": "mug", "supercategory": ""}, {"id": 3, "name": "milk box", "supercategory": ""}, {"id": 4, "name": "bowl", "supercategory": ""}, {"id": 5, "name": "spoon", "supercategory": ""}], "images": [{"id": 1, "width": 640, "height": 480, "file_name": "frame0000.jpg", "license": 0, "flickr_url": "", "coco_url": "", "date_captured": 0}, {"id": 2, "width": 640, "height": 480, "file_name": "frame0018.jpg", "license": 0, "flickr_url": "", "coco_url": "", "date_captured": 0}, {"id": 3, "width": 640, "height": 480, "file_name": "frame0034.jpg", "license": 0, "flickr_url": "", "coco_url": "", "date_captured": 0}, {"id": 4, "width": 640, "height": 480, "file_name": "frame0063.jpg", "license": 0, "flickr_url": "", "coco_url": "", "date_captured": 0}, {"id": 5, "width": 640, "height": 480, "file_name": "frame0076.jpg", "license": 0, "flickr_url": "", "coco_url": "", "date_captured": 0}, {"id": 6, "width": 640, "height": 480, "file_name": "frame0104.jpg", "license": 0, "flickr_url": "", "coco_url": "", "date_captured": 0}, {"id": 7, "width": 640, "height": 480, "file_name": "frame0138.jpg", "license": 0, "flickr_url": "", "coco_url": "", "date_captured": 0}, {"id": 8, "width": 640, "height": 480, "file_name": "frame0173.jpg", "license": 0, "flickr_url": "", "coco_url": "", "date_captured": 0}, {"id": 9, "width": 640, "height": 480, "file_name": "frame0224.jpg", "license": 0, "flickr_url": "", "coco_url": "", "date_captured": 0}, {"id": 10, "width": 640, "height": 480, "file_name": "frame0243.jpg", "license": 0, "flickr_url": "", "coco_url": "", "date_captured": 0}, {"id": 11, "width": 640, "height": 480, "file_name": "frame0262.jpg", "license": 0, "flickr_url": "", "coco_url": "", "date_captured": 0}, {"id": 12, "width": 640, "height": 480, "file_name": "frame0266.jpg", "license": 0, "flickr_url": "", "coco_url": "", "date_captured": 0}, {"id": 13, "width": 640, "height": 480, "file_name": "frame0283.jpg", "license": 0, "flickr_url": "", "coco_url": "", "date_captured": 0}, {"id": 14, "width": 640, "height": 480, "file_name": "frame0301.jpg", "license": 0, "flickr_url": "", "coco_url": "", "date_captured": 0}, {"id": 15, "width": 640, "height": 480, "file_name": "frame0316.jpg", "license": 0, "flickr_url": "", "coco_url": "", "date_captured": 0}], "annotations": [{"id": 1, "image_id": 1, "category_id": 1, "segmentation": [], "area": 11676.011599999996, "bbox": [276.35, 138.79, 78.86, 148.06], "iscrowd": 0, "attributes": {"occluded": false, "rotation": 0.0}}, {"id": 2, "image_id": 1, "category_id": 2, "segmentation": [], "area": 6672.7788, "bbox": [374.53, 261.1, 72.42, 92.14], "iscrowd": 0, "attributes": {"occluded": false, "rotation": 0.0}}, {"id": 3, "image_id": 1, "category_id": 3, "segmentation": [], "area": 21657.9424, "bbox": [10.0, 218.05, 121.51, 178.24], "iscrowd": 0, "attributes": {"occluded": false, "rotation": 0.0}}, {"id": 4, "image_id": 1, "category_id": 5, "segmentation": [], "area": 8260.00789999999, "bbox": [251.81, 365.72, 152.09, 54.31], "iscrowd": 0, "attributes": {"occluded": false, "rotation": 0.0}}, {"id": 5, "image_id": 1, "category_id": 4, "segmentation": [], "area": 16936.5872, "bbox": [221.63, 329.5, 138.01, 122.72], "iscrowd": 0, "attributes": {"occluded": false, "rotation": 0.0}}, {"id": 6, "image_id": 2, "category_id": 4, "segmentation": [], "area": 17664.262599999995, "bbox": [337.11, 283.23, 141.62, 124.73], "iscrowd": 0, "attributes": {"occluded": false, "rotation": 0.0}}, {"id": 7, "image_id": 2, "category_id": 2, "segmentation": [], "area": 8532.645100000007, "bbox": [496.84, 225.7, 84.49, 100.99], "iscrowd": 0, "attributes": {"occluded": false, "rotation": 0.0}}, {"id": 8, "image_id": 2, "category_id": 1, "segmentation": [], "area": 14958.692999999997, "bbox": [396.25, 90.11, 96.57, 154.9], "iscrowd": 0, "attributes": {"occluded": false, "rotation": 0.0}}, {"id": 9, "image_id": 2, "category_id": 3, "segmentation": [], "area": 17292.793999999998, "bbox": [150.82, 155.29, 100.19, 172.6], "iscrowd": 0, "attributes": {"occluded": false, "rotation": 0.0}}, {"id": 10, "image_id": 2, "category_id": 5, "segmentation": [], "area": 6869.508799999997, "bbox": [363.66, 332.32, 165.77, 41.44], "iscrowd": 0, "attributes": {"occluded": false, "rotation": 0.0}}, {"id": 11, "image_id": 3, "category_id": 4, "segmentation": [], "area": 17929.449900000003, "bbox": [321.82, 300.13, 142.83, 125.53], "iscrowd": 0, "attributes": {"occluded": false, "rotation": 0.0}}, {"id": 12, "image_id": 3, "category_id": 2, "segmentation": [], "area": 8317.112200000001, "bbox": [480.34, 239.78, 83.69, 99.38], "iscrowd": 0, "attributes": {"occluded": false, "rotation": 0.0}}, {"id": 13, "image_id": 3, "category_id": 1, "segmentation": [], "area": 14683.614999999998, "bbox": [380.56, 103.79, 94.55, 155.3], "iscrowd": 0, "attributes": {"occluded": false, "rotation": 0.0}}, {"id": 14, "image_id": 3, "category_id": 3, "segmentation": [], "area": 18027.641999999996, "bbox": [131.11, 171.38, 104.2, 173.01], "iscrowd": 0, "attributes": {"occluded": false, "rotation": 0.0}}, {"id": 15, "image_id": 3, "category_id": 5, "segmentation": [], "area": 6803.200799999996, "bbox": [349.18, 349.22, 165.77, 41.04], "iscrowd": 0, "attributes": {"occluded": false, "rotation": 0.0}}, {"id": 16, "image_id": 4, "category_id": 1, "segmentation": [], "area": 13127.289899999998, "bbox": [278.37, 183.05, 84.09, 156.11], "iscrowd": 0, "attributes": {"occluded": false, "rotation": 0.0}}, {"id": 17, "image_id": 4, "category_id": 2, "segmentation": [], "area": 7741.686199999993, "bbox": [385.79, 309.79, 78.86, 98.17], "iscrowd": 0, "attributes": {"occluded": false, "rotation": 0.0}}, {"id": 18, "image_id": 4, "category_id": 4, "segmentation": [], "area": 13057.387699999996, "bbox": [228.47, 391.87, 148.87, 87.71], "iscrowd": 0, "attributes": {"occluded": false, "rotation": 0.0}}, {"id": 19, "image_id": 4, "category_id": 5, "segmentation": [], "area": 9382.661, "bbox": [258.65, 422.0, 162.95, 57.58], "iscrowd": 0, "attributes": {"occluded": false, "rotation": 0.0}}, {"id": 20, "image_id": 5, "category_id": 1, "segmentation": [], "area": 15184.658700000004, "bbox": [368.89, 152.47, 97.77, 155.31], "iscrowd": 0, "attributes": {"occluded": false, "rotation": 0.0}}, {"id": 21, "image_id": 5, "category_id": 2, "segmentation": [], "area": 15229.837500000003, "bbox": [275.15, 325.88, 128.75, 118.29], "iscrowd": 0, "attributes": {"occluded": false, "rotation": 0.0}}, {"id": 22, "image_id": 6, "category_id": 1, "segmentation": [], "area": 13392.831, "bbox": [319.4, 130.74, 86.91, 154.1], "iscrowd": 0, "attributes": {"occluded": false, "rotation": 0.0}}, {"id": 23, "image_id": 6, "category_id": 2, "segmentation": [], "area": 9494.170399999999, "bbox": [171.34, 299.33, 89.72, 105.82], "iscrowd": 0, "attributes": {"occluded": false, "rotation": 0.0}}, {"id": 24, "image_id": 6, "category_id": 4, "segmentation": [], "area": 19128.53879999999, "bbox": [276.35, 331.92, 143.64, 133.17], "iscrowd": 0, "attributes": {"occluded": false, "rotation": 0.0}}, {"id": 25, "image_id": 6, "category_id": 5, "segmentation": [], "area": 10775.898600000002, "bbox": [304.12, 360.08, 161.34, 66.79], "iscrowd": 0, "attributes": {"occluded": false, "rotation": 0.0}}, {"id": 26, "image_id": 6, "category_id": 3, "segmentation": [], "area": 37824.787, "bbox": [470.28, 256.28, 169.39, 223.3], "iscrowd": 0, "attributes": {"occluded": false, "rotation": 0.0}}, {"id": 27, "image_id": 7, "category_id": 1, "segmentation": [], "area": 38803.31999999999, "bbox": [349.58, 89.7, 189.1, 205.2], "iscrowd": 0, "attributes": {"occluded": false, "rotation": 0.0}}, {"id": 28, "image_id": 7, "category_id": 2, "segmentation": [], "area": 10983.572600000001, "bbox": [160.48, 287.26, 92.54, 118.69], "iscrowd": 0, "attributes": {"occluded": false, "rotation": 0.0}}, {"id": 29, "image_id": 7, "category_id": 4, "segmentation": [], "area": 23982.41840000001, "bbox": [274.34, 321.46, 158.53, 151.28], "iscrowd": 0, "attributes": {"occluded": false, "rotation": 0.0}}, {"id": 30, "image_id": 7, "category_id": 5, "segmentation": [], "area": 11532.394999999993, "bbox": [305.32, 360.48, 180.25, 63.98], "iscrowd": 0, "attributes": {"occluded": false, "rotation": 0.0}}, {"id": 31, "image_id": 8, "category_id": 2, "segmentation": [], "area": 8847.063800000002, "bbox": [185.02, 285.25, 83.29, 106.22], "iscrowd": 0, "attributes": {"occluded": false, "rotation": 0.0}}, {"id": 32, "image_id": 8, "category_id": 4, "segmentation": [], "area": 20777.080799999992, "bbox": [286.41, 321.05, 149.68, 138.81], "iscrowd": 0, "attributes": {"occluded": false, "rotation": 0.0}}, {"id": 33, "image_id": 8, "category_id": 3, "segmentation": [], "area": 22955.65479999999, "bbox": [465.86, 212.02, 144.04, 159.37], "iscrowd": 0, "attributes": {"occluded": false, "rotation": 0.0}}, {"id": 34, "image_id": 9, "category_id": 2, "segmentation": [], "area": 11668.4928, "bbox": [181.0, 253.06, 109.44, 106.62], "iscrowd": 0, "attributes": {"occluded": false, "rotation": 0.0}}, {"id": 35, "image_id": 9, "category_id": 1, "segmentation": [], "area": 17391.716099999998, "bbox": [345.16, 152.07, 102.19, 170.19], "iscrowd": 0, "attributes": {"occluded": false, "rotation": 0.0}}, {"id": 36, "image_id": 9, "category_id": 4, "segmentation": [], "area": 21837.589200000006, "bbox": [293.65, 340.37, 157.32, 138.81], "iscrowd": 0, "attributes": {"occluded": false, "rotation": 0.0}}, {"id": 37, "image_id": 9, "category_id": 3, "segmentation": [], "area": 27130.576000000012, "bbox": [480.34, 221.67, 152.9, 177.44], "iscrowd": 0, "attributes": {"occluded": false, "rotation": 0.0}}, {"id": 38, "image_id": 10, "category_id": 2, "segmentation": [], "area": 10483.129800000004, "bbox": [144.38, 294.9, 91.74, 114.27], "iscrowd": 0, "attributes": {"occluded": false, "rotation": 0.0}}, {"id": 39, "image_id": 10, "category_id": 1, "segmentation": [], "area": 16402.872900000006, "bbox": [327.45, 158.51, 97.77, 167.77], "iscrowd": 0, "attributes": {"occluded": false, "rotation": 0.0}}, {"id": 40, "image_id": 10, "category_id": 3, "segmentation": [], "area": 25687.975499999997, "bbox": [459.42, 221.27, 142.83, 179.85], "iscrowd": 0, "attributes": {"occluded": false, "rotation": 0.0}}, {"id": 41, "image_id": 10, "category_id": 4, "segmentation": [], "area": 21563.9343, "bbox": [273.13, 342.38, 158.57, 135.99], "iscrowd": 0, "attributes": {"occluded": false, "rotation": 0.0}}, {"id": 42, "image_id": 11, "category_id": 2, "segmentation": [], "area": 9634.0664, "bbox": [126.68, 271.57, 87.71, 109.84], "iscrowd": 0, "attributes": {"occluded": false, "rotation": 0.0}}, {"id": 43, "image_id": 11, "category_id": 1, "segmentation": [], "area": 15274.047799999997, "bbox": [303.31, 133.56, 92.14, 165.77], "iscrowd": 0, "attributes": {"occluded": false, "rotation": 0.0}}, {"id": 44, "image_id": 11, "category_id": 3, "segmentation": [], "area": 22901.3337, "bbox": [433.27, 189.89, 132.37, 173.01], "iscrowd": 0, "attributes": {"occluded": false, "rotation": 0.0}}, {"id": 45, "image_id": 11, "category_id": 4, "segmentation": [], "area": 28091.6059, "bbox": [240.14, 319.45, 175.43, 160.13], "iscrowd": 0, "attributes": {"occluded": false, "rotation": 0.0}}, {"id": 46, "image_id": 11, "category_id": 5, "segmentation": [], "area": 11999.001600000005, "bbox": [293.65, 388.65, 219.28, 54.72], "iscrowd": 0, "attributes": {"occluded": false, "rotation": 0.0}}, {"id": 47, "image_id": 12, "category_id": 2, "segmentation": [], "area": 9511.4304, "bbox": [141.97, 271.16, 86.91, 109.44], "iscrowd": 0, "attributes": {"occluded": false, "rotation": 0.0}}, {"id": 48, "image_id": 12, "category_id": 1, "segmentation": [], "area": 16007.443200000007, "bbox": [315.78, 136.38, 96.57, 165.76], "iscrowd": 0, "attributes": {"occluded": false, "rotation": 0.0}}, {"id": 49, "image_id": 12, "category_id": 4, "segmentation": [], "area": 36068.408, "bbox": [244.97, 303.75, 205.6, 175.43], "iscrowd": 0, "attributes": {"occluded": false, "rotation": 0.0}}, {"id": 50, "image_id": 12, "category_id": 3, "segmentation": [], "area": 24434.54220000001, "bbox": [443.33, 195.12, 139.61, 175.02], "iscrowd": 0, "attributes": {"occluded": false, "rotation": 0.0}}, {"id": 51, "image_id": 12, "category_id": 5, "segmentation": [], "area": 16932.877499999995, "bbox": [316.59, 377.38, 282.45, 59.95], "iscrowd": 0, "attributes": {"occluded": false, "rotation": 0.0}}, {"id": 52, "image_id": 13, "category_id": 2, "segmentation": [], "area": 9847.529999999999, "bbox": [106.97, 262.71, 89.32, 110.25], "iscrowd": 0, "attributes": {"occluded": false, "rotation": 0.0}}, {"id": 53, "image_id": 13, "category_id": 4, "segmentation": [], "area": 22495.100400000007, "bbox": [221.63, 315.02, 155.31, 144.84], "iscrowd": 0, "attributes": {"occluded": false, "rotation": 0.0}}, {"id": 54, "image_id": 13, "category_id": 1, "segmentation": [], "area": 15518.191799999999, "bbox": [283.6, 123.1, 92.94, 166.97], "iscrowd": 0, "attributes": {"occluded": false, "rotation": 0.0}}, {"id": 55, "image_id": 13, "category_id": 3, "segmentation": [], "area": 22919.895200000006, "bbox": [414.76, 177.42, 130.36, 175.82], "iscrowd": 0, "attributes": {"occluded": false, "rotation": 0.0}}, {"id": 56, "image_id": 13, "category_id": 5, "segmentation": [], "area": 10046.354799999997, "bbox": [259.46, 370.54, 175.82, 57.14], "iscrowd": 0, "attributes": {"occluded": false, "rotation": 0.0}}, {"id": 57, "image_id": 14, "category_id": 2, "segmentation": [], "area": 9616.096599999997, "bbox": [59.49, 240.99, 90.53, 106.22], "iscrowd": 0, "attributes": {"occluded": false, "rotation": 0.0}}, {"id": 58, "image_id": 14, "category_id": 4, "segmentation": [], "area": 17363.6413, "bbox": [181.4, 275.19, 142.43, 121.91], "iscrowd": 0, "attributes": {"occluded": false, "rotation": 0.0}}, {"id": 59, "image_id": 14, "category_id": 5, "segmentation": [], "area": 4915.262100000004, "bbox": [218.82, 328.7, 138.81, 35.41], "iscrowd": 0, "attributes": {"occluded": false, "rotation": 0.0}}, {"id": 60, "image_id": 14, "category_id": 1, "segmentation": [], "area": 13913.695699999997, "bbox": [230.5, 103.79, 86.89, 160.13], "iscrowd": 0, "attributes": {"occluded": false, "rotation": 0.0}}, {"id": 61, "image_id": 14, "category_id": 3, "segmentation": [], "area": 18810.297, "bbox": [357.63, 151.26, 112.65, 166.98], "iscrowd": 0, "attributes": {"occluded": false, "rotation": 0.0}}, {"id": 62, "image_id": 15, "category_id": 2, "segmentation": [], "area": 8330.418699999997, "bbox": [143.58, 267.94, 80.87, 103.01], "iscrowd": 0, "attributes": {"occluded": false, "rotation": 0.0}}, {"id": 63, "image_id": 15, "category_id": 4, "segmentation": [], "area": 17001.824000000004, "bbox": [253.42, 307.78, 137.2, 123.92], "iscrowd": 0, "attributes": {"occluded": false, "rotation": 0.0}}, {"id": 64, "image_id": 15, "category_id": 1, "segmentation": [], "area": 13749.0343, "bbox": [306.93, 140.8, 86.51, 158.93], "iscrowd": 0, "attributes": {"occluded": false, "rotation": 0.0}}, {"id": 65, "image_id": 15, "category_id": 5, "segmentation": [], "area": 5914.444800000003, "bbox": [288.02, 360.89, 140.02, 42.24], "iscrowd": 0, "attributes": {"occluded": false, "rotation": 0.0}}, {"id": 66, "image_id": 15, "category_id": 3, "segmentation": [], "area": 20308.214399999993, "bbox": [425.62, 191.5, 121.92, 166.57], "iscrowd": 0, "attributes": {"occluded": false, "rotation": 0.0}}]}